id,mode,category,title,tag_count,oversized,duplicates,one_word,total_chars,target_tags,discovery_tags
1,full,art,"Celestial Orbit Kinetic Sculpture, Solar System Sculpture, Rotating Kinetic Art,Modern Desktop Decor,Space Model,Decorative Planet Sculpture",13,0,0,0,229,kinetic sculpture|solar system decor|rotating planet art|modern desktop art|space model decor|planet sculpture|celestial decor|desktop kinetic art,dynamic art piece|elegant home decor|stunning space decor|space decor item|celestial sculpture
1,title,art,"Celestial Orbit Kinetic Sculpture, Solar System Sculpture, Rotating Kinetic Art,Modern Desktop Decor,Space Model,Decorative Planet Sculpture",13,0,0,0,212,kinetic sculpture|solar system art|rotating decor|modern desk art|planet model|space decor|celestial art|desktop sculpture,kinetic planet model|celestial desk decor|celestial sculpture|rotating planet art|desktop space decor
2,full,art,Large Christian Wall Art | Vintage Botanical Floral Scripture Consider Lilies Canvas Print | F170,13,0,0,0,242,christian wall art|botanical canvas|floral wall decor|matthew 6:28 print|large canvas print|framed wall art|religious home decor,floral scripture art|vintage canvas print|botanical wall decor|religious wall decor|vintage floral decor|scripture canvas art
2,title,art,Large Christian Wall Art | Vintage Botanical Floral Scripture Consider Lilies Canvas Print | F170,13,0,0,0,243,christian wall art|botanical wall decor|floral scripture art|vintage canvas print|large wall art|lilies canvas print,vintage floral print|canvas scripture art|christian canvas art|christian art print|large lilies decor|scripture wall art|lilies wall decor
3,full,art,"Press On Nails Dragonfly with Pink Flower | 3D Nature Fake Nails in Long Almond | Handmade Spring Nail Art for Holiday, Vacation, Birthday",13,0,0,0,213,press on nails|dragonfly nails|pink flower nails|3d fake nails|long almond nails|spring nail art|handmade nails,custom nail design|high quality nails|3d nature nail set|birthday nail art|holiday press nails|luxury press nails
3,title,art,"Press On Nails Dragonfly with Pink Flower | 3D Nature Fake Nails in Long Almond | Handmade Spring Nail Art for Holiday, Vacation, Birthday",13,0,0,0,193,dragonfly nails|pink flower nails|press on nails|3d nail art|almond nails|spring nails|nature nails|handmade nails,birthday nail design|holiday nail art|almond shape nails|fake flower nails|long pink nails
4,full,baby,"Custom Crochet Pacifier Clip, Baby Dummy Clip, Pacifier Holder, Custom Name Baby Accessory, Baby Shower Gifts, Baby Gifts, Newborn Gifts",13,0,0,0,212,baby dummy clip|pacifier holder|custom name clip|baby shower gift|newborn gift|baby gifts,baby accessory clip|crochet baby holder|baby gift ideas|custom pacifier clip|crochet holder gift|custom crochet gift|baby shower gifts
4,title,baby,"Custom Crochet Pacifier Clip, Baby Dummy Clip, Pacifier Holder, Custom Name Baby Accessory, Baby Shower Gifts, Baby Gifts, Newborn Gifts",13,0,0,0,218,baby dummy clip|name pacifier clip|baby shower gifts|newborn gifts|baby gifts,crochet baby holder|baby gift ideas|name dummy accessory|custom pacifier clip|unique baby gifts|newborn shower gifts|crochet name clip|custom name dummy
5,full,baby,"Personalized Christmas gift for baby, Handmade felt quiet book, Customized soft Montessori-inspired toy, First birthday present, Busy book",13,0,0,0,213,quiet book for baby|montessori toy|first birthday gift|handmade baby book|soft felt book|custom baby toy|busy book for kids,christmas present|personalized gift|customized toy|unique baby toy|handmade birthday|custom baby gift
5,title,baby,"Personalized Christmas gift for baby, Handmade felt quiet book, Customized soft Montessori-inspired toy, First birthday present, Busy book",13,0,0,0,185,quiet book|montessori toy|first birthday gift|busy book,customized present|soft felt book|personalized gift|christmas gift|inspired quiet book|handmade toy|baby toy|birthday present|felt montessori
6,full,baby,"Personalized Nursery Rhymes Book, Custom Baby Name Storybook, Baby Shower Gift for Boy or Girl, Nephew First Birthday Gift, Baby Keepsake",13,0,0,0,214,personalized book|nursery rhymes|baby name book|custom storybook|baby shower gift|keepsake book|first birthday gift|childrens book,storybook for girl|storybook for boy|custom nursery gift|baby name storybook|keepsake storybook
6,title,baby,"Personalized Nursery Rhymes Book, Custom Baby Name Storybook, Baby Shower Gift for Boy or Girl, Nephew First Birthday Gift, Baby Keepsake",13,0,0,0,221,personalized book|nursery rhyme book|custom baby story|baby name book|baby shower gift|first birthday gift|keepsake book,storybook for girl|unique baby book|shower gift idea|storybook for boy|first birthday story|personalized nursery
7,full,candles,"8oz Essential Oil Soy Wax Candle, Home Decor, Gift For Her, Clean Burning Candle, Cozy Home Decor, Esthetic Candle, Aromatherapy",13,0,0,0,214,soy wax candle|essential oil candle|aromatherapy candle|lavender vanilla|lemon lavender|orange candle|grapefruit candle|jasmine candle,cozy home gift|clean burning candle|lemon home decor|jasmine aromatherapy|orange wax candle
7,title,candles,"8oz Essential Oil Soy Wax Candle, Home Decor, Gift For Her, Clean Burning Candle, Cozy Home Decor, Esthetic Candle, Aromatherapy",13,0,0,0,215,essential oil candle|soy wax candle|home decor candle|gift for her|clean burning candle|cozy candle|aesthetic candle|aromatherapy candle,8oz soy candle|home aesthetic gift|gift for her candle|clean burning wax|cozy aromatherapy
8,full,candles,Custom Photo Candle Add Your Picture And Personalized Text Dating Anniversary Photo Gift Personalized Candle for Couple SL-0319,13,0,0,0,237,custom photo candle|personalized candle|photo gift candle|candle with picture|anniversary candle|couple photo gift|custom candle gift,4 oz mini candle|heartfelt keepsake|favorite text candle|calming scent candle|add your picture|crafted photo candle
8,title,candles,Custom Photo Candle Add Your Picture And Personalized Text Dating Anniversary Photo Gift Personalized Candle for Couple SL-0319,13,0,0,0,226,custom photo candle|personalized candle|photo gift candle|candle with picture,couple gift idea|custom art piece|anniversary photo|unique candle gift|dating gift idea|custom picture frame|personalized decor|your picture art|custom text art
9,full,candles,"Spa Candles | Sea Salt & Orchid, Peppermint, White Sage, Lavender Candles",13,0,0,0,215,spa candles|lavender candle|peppermint candle|sea salt candle|white sage candle|candle gift set|handmade candles|soy wax candles,calming candle vibes|floral scent candle|hand poured candles|cozy home candles|relaxation gift set
9,title,candles,"Spa Candles | Sea Salt & Orchid, Peppermint, White Sage, Lavender Candles",13,0,0,0,196,spa candles|sea salt candles|lavender candles|peppermint candles|white sage candles|scented candles|relaxing candles,spa relaxation|lavender scent|scented lavender|scented sea salt|peppermint spa|lavender spa
10,full,clothing,"Custom Personalized T-Shirt with Name or Message - Perfect Gift for Birthdays, Anniversaries, Weddings, and Special Occasions",13,0,0,0,212,custom t shirt|personalized shirt|name t shirt|gift t shirt|funny custom shirt|custom message tee|unique t shirt gift|birthday shirt,special occasion tee|soft fabric tee|perfect gift shirt|cotton t shirt|birthday message tee
10,title,clothing,"Custom Personalized T-Shirt with Name or Message - Perfect Gift for Birthdays, Anniversaries, Weddings, and Special Occasions",13,0,0,0,208,custom t shirt|personalized shirt|name t shirt|gift t shirt|funny t shirt|birthday shirt|wedding t shirt,special occasion tee|anniversary t shirt|custom message tee|unique name shirt|custom fun shirt|personalized t shirt
11,full,clothing,"Custom Pet Photo And Name Shirt,Personalized Comfort Colors Pet Shirt,Customized Picture Dog Shirt,Dog Lover Gift,Cat Mom Gift,Pet Loss Gift",13,0,0,0,218,pet photo shirt|custom dog shirt|personalized pet tee|cat mom shirt|dog lover gift|pet loss shirt,customized pet lover|loss pet memorial|comfort tee shirt|custom name shirt|personalized dog tee|personalized photo|custom photo gift
11,title,clothing,"Custom Pet Photo And Name Shirt,Personalized Comfort Colors Pet Shirt,Customized Picture Dog Shirt,Dog Lover Gift,Cat Mom Gift,Pet Loss Gift",13,0,0,0,204,pet photo shirt|custom dog shirt|cat mom shirt|dog lover shirt|pet loss shirt,personalized photo|customized pet photo|comfort dog lover|picture of loss|colors for mom|custom name shirt|dog lover gift|custom pet shirt
12,full,clothing,"Embroidered Scrub Life Goose Sweatshirt, Medical Student Nurse Hoodie, Doctor Vet Tech Crewneck, Healthcare Worker Gift, Hospital Humor Top",13,0,0,0,208,goose sweatshirt|nurse hoodie|scrub life top|doctor crewneck|vet tech gift|healthcare humor|medical student gift,embroidered hoodie|doctor life shirt|funny nurse top|crewneck medical top|nurse sweatshirt|medical crewneck
12,title,clothing,"Embroidered Scrub Life Goose Sweatshirt, Medical Student Nurse Hoodie, Doctor Vet Tech Crewneck, Healthcare Worker Gift, Hospital Humor Top",13,0,0,0,212,goose sweatshirt|nurse hoodie|scrub life shirt|doctor crewneck|vet tech gift|healthcare humor|medical student top,embroidered hoodie|hospital crewneck|medical worker top|funny nurse shirt|medical sweatshirt|scrub life hoodie
13,full,craft supplies,10pcs Natural Miniature Small Stepping Stone Figure Fairy Garden Supplies Terrarium Accessories,13,0,0,0,239,mini stone steps|fairy garden stones|stone garden figures|small garden stones,natural garden decor|10pcs fairy stones|not everyone same 2|2cm thickness 0 3cm|10pcs 3 size width|1 natural stone|supplies terrarium|2 quantity 10pcs 3|small stepping stone
13,title,craft supplies,10pcs Natural Miniature Small Stepping Stone Figure Fairy Garden Supplies Terrarium Accessories,13,0,0,1,227,mini stepping stones|fairy garden stones|mini garden decor|small garden stones,terrarium stone set|mini garden stones|fairy garden decor|stone figure fairy|supplies terrarium|natural miniature|10pcs natural|accessories|small stepping stone
14,full,craft supplies,"Colorful Stained Glass Scrap Pieces – Ideal for Mosaics, Resin Art, Crafts & DIY Projects *Please Read Description*",13,0,0,0,230,stained glass scraps|mosaic glass bits|glass art supplies|resin art glass|diy glass scraps|mixed glass pack|craft glass pieces,diy mosaic projects|colorful resin art|scrap glass pieces|mixed media art|stained glass pieces|mosaic supplies pack
14,title,craft supplies,"Colorful Stained Glass Scrap Pieces – Ideal for Mosaics, Resin Art, Crafts & DIY Projects *Please Read Description*",13,0,0,0,240,stained glass pieces|mosaic glass bits|resin art supplies|craft glass pieces|diy stained glass,resin craft projects|colorful mosaic bits|stained glass crafts|scrap glass art|mosaic art supplies|mosaic diy supplies|colorful craft bits|stained glass bits
15,full,craft supplies,"Random sample SMALL seed beads, Small bag of bead mix, beads for DIY projects, jewelry making, beads soup, mostly 2-6mm, 7-10g, 0000",13,0,0,0,199,small seed beads|bead mix|beads for jewelry|diy bead kit|bead assortment|glass beads|craft beads|beads for crafts,bead making supplies|high quality beads|vibrant bead set|assorted glass beads|bead craft projects
15,title,craft supplies,"Random sample SMALL seed beads, Small bag of bead mix, beads for DIY projects, jewelry making, beads soup, mostly 2-6mm, 7-10g, 0000",13,0,0,0,201,small seed beads|bead mix|beads for jewelry|diy bead projects|beads soup|2 6mm beads|beads for crafts,bead making supplies|random bead bag|colorful seed beads|sample bead mix|bead projects kit|jewelry diy supplies
16,full,digital downloads,"2026 ADHD Planner, ADHD Digital Planner, Goodnotes Planner, iPad Planner, Daily Weekly Monthly Planner, Productivity, Self Care Planner",13,0,0,0,200,adhd planner|digital planner|ipad planner|goodnotes planner|weekly planner|monthly planner|self care planner|productivity planner,intuitive planner|flexible planner|daily planner|2026 planner|s always jumping one
16,title,digital downloads,"2026 ADHD Planner, ADHD Digital Planner, Goodnotes Planner, iPad Planner, Daily Weekly Monthly Planner, Productivity, Self Care Planner",13,0,0,0,222,adhd planner|digital planner|goodnotes planner|ipad planner|weekly planner|monthly planner|self care planner|productivity planner,adhd daily organizer|2026 digital planner|ipad monthly planner|monthly self planner|goodnotes ipad daily
17,full,digital downloads,"All-in-One Digital Planner 2026, 2027, 2028 Digital Planner, Digital Journal, Digital Goodnotes Template, Weekly, Daily Planner, Notability",13,0,0,0,214,digital planner|2026 planner|goodnotes template|daily planner|weekly planner|digital journal|notability planner|ipad planner,digital planner 2026|ipad digital planner|digital journal 2026|weekly planner 2026|notability journal
17,title,digital downloads,"All-in-One Digital Planner 2026, 2027, 2028 Digital Planner, Digital Journal, Digital Goodnotes Template, Weekly, Daily Planner, Notability",13,0,0,0,192,digital planner|2026 planner|2027 planner|2028 planner|goodnotes template|daily planner|weekly planner|digital journal,notability template|goodnotes planner|goodnotes journal|weekly journal|daily template
18,full,digital downloads,Berry First Birthday Invitation | Editable Canva Template | Strawberry Pink Gingham + Watercolor Strawberries (Digital Download),13,0,0,0,240,strawberry invite|first birthday card|pink gingham invite|watercolor birthday,canva invitation|whimsical birthday|editable invite|pastel pink invite|so you can customize|few colours may vary|re happy help should|contact us ll gladly|age date time party
18,title,digital downloads,Berry First Birthday Invitation | Editable Canva Template | Strawberry Pink Gingham + Watercolor Strawberries (Digital Download),13,0,0,0,241,strawberry invite|pink gingham invite|watercolor birthday,digital invitation|downloadable invite|strawberries invite|watercolor template|editable birthday|gingham party invite|pink birthday card|strawberry template|pink gingham card|berry first birthday
19,full,home decor,"Beaded Crystal Plant Sun Catcher Hanging Decor, Succulent Window Hanging Ornament, Boho Home Decor, Green Beaded Plant Decor",13,0,0,0,217,beaded sun catcher|plant decor|hanging ornament|boho home decor|crystal plant|succulent decor|window hanging|green beaded decor,unique crystal piece|indoor plant catcher|window ornament gift|crystal plant decor|boho hanging decor
19,title,home decor,"Beaded Crystal Plant Sun Catcher Hanging Decor, Succulent Window Hanging Ornament, Boho Home Decor, Green Beaded Plant Decor",13,0,0,0,237,beaded sun catcher|plant hanging decor|boho home decor|green plant decor,boho window ornament|crystal window decor|plant ornament decor|hanging plant decor|beaded home decor|green home decor|boho sun catcher|window ornament boho|beaded crystal plant
20,full,home decor,"Home portrait, house painting, housewarming gift, our first home sign, home sweet home sign, watercolor home, house portrait, realtor gift",13,0,0,0,205,home portrait|house painting|housewarming gift|first home sign|home sweet home|watercolor home|house portrait|realtor gift,digital download art|vibrant watercolor|modern home painting|custom house art|unique home sign
20,title,home decor,"Home portrait, house painting, housewarming gift, our first home sign, home sweet home sign, watercolor home, house portrait, realtor gift",13,0,0,0,194,home portrait|house painting|housewarming gift|first home sign|home sweet home|watercolor home|house portrait|realtor gift,house art print|home decor sign|our sweet home|first home portrait|realtor painting
21,full,home decor,"Housewarming Gift Home Decor, Personalized Door Mat with Family Name, Wedding Gift for Couples, Custom Welcome Doormat w Anti-Slip Backing",13,0,0,0,225,personalized doormat|custom welcome mat|family name mat|housewarming gift|wedding gift mat|door mat with name|anti slip doormat|home decor mat,customized entry mat|rubber backing mat|couples welcome mat|stylish door decor|unique door mat
21,title,home decor,"Housewarming Gift Home Decor, Personalized Door Mat with Family Name, Wedding Gift for Couples, Custom Welcome Doormat w Anti-Slip Backing",13,0,0,0,213,housewarming gift|personalized doormat|custom welcome mat|family name mat|wedding gift mat,decorative door mat|home entrance mat|anti slip mat|couples doormat|unique welcome mat|wedding decor|welcome sign mat|personalized mat
22,full,jewelry,"Personalized Birthflower Ring – Dainty Stacking Floral Ring, Meaningful Gift for Bridesmaids, Mother’s Day Gift, US 3–12",13,0,0,0,236,birth flower ring|personalized ring|floral stacking ring|dainty ring gift|mothers day gift|bridesmaid gift|custom flower ring|unique jewelry gift,meaningful gift idea|floral jewelry piece|dainty stacking ring|personalized jewelry|unique mothers day
22,title,jewelry,"Personalized Birthflower Ring – Dainty Stacking Floral Ring, Meaningful Gift for Bridesmaids, Mother’s Day Gift, US 3–12",13,0,0,0,218,birthflower ring|personalized ring|floral stacking ring|dainty ring|gift for bridesmaids|mothers day gift|custom flower ring,meaningful mothers|bridesmaids jewelry|dainty gift idea|flower ring set|gift for her|stacking flower ring
23,full,jewelry,"Personalized Disney Font Necklace, Disney Font Name Necklace,Customized Nameplate Plated,Children Name Necklace,Christmas Gift",13,0,0,0,246,disney name necklace|custom name necklace|disney font jewelry,customized pendant|luxury necklace gift|childrens necklace|disney nameplate|unique name jewelry|disney font charm|custom jewelry gift|wear pride let inner|now enjoy joy owning|nickel free does not
23,title,jewelry,"Personalized Disney Font Necklace, Disney Font Name Necklace,Customized Nameplate Plated,Children Name Necklace,Christmas Gift",13,0,0,0,240,disney name necklace|custom name necklace|children name gift|disney font jewelry,customized gift|childrens jewelry|christmas jewelry|custom nameplate|plated name necklace|unique name necklace|disney gift for kids|custom font necklace|name necklace gift
24,full,jewelry,"Personalized Kids Names Bracelet for Mom, Custom Multi Name Birthstone Jewelry, Mothers Day Gift",13,0,0,0,246,kids name bracelet|birthstone jewelry|mom gift bracelet|custom name bracelet|family jewelry gift|multi name bracelet,unique engraved bar|delicate name charm|modern kids jewelry|custom name jewelry|birthstone mom gift|keep your children s|ones close every day
24,title,jewelry,"Personalized Kids Names Bracelet for Mom, Custom Multi Name Birthstone Jewelry, Mothers Day Gift",13,0,0,0,238,kids name bracelet|custom name jewelry|birthstone bracelet|mothers day gift,unique name bracelet|multi name bracelet|jewelry for moms|mom name bracelet|birthstone kids gift|mothers day bracelet|custom kids jewelry|kids jewelry gift|names bracelet mom
25,full,stickers,"Brown Bear Wildlife Sticker, Adorable Woodland Animal, Waterproof Vinyl Sticker, Grizzly Bear, Cute Animal Sticker, Water Bottle Sticker",13,0,0,0,238,brown bear sticker|cute bear sticker|grizzly bear sticker|animal water bottle|vinyl bear sticker,adorable bear design|woodland animal art|bear laptop sticker|grizzly vinyl decal|cute animal sticker|grizzly bear vinyl|6 cm widest point|notebooks 3 7 6
25,title,stickers,"Brown Bear Wildlife Sticker, Adorable Woodland Animal, Waterproof Vinyl Sticker, Grizzly Bear, Cute Animal Sticker, Water Bottle Sticker",13,0,0,0,219,bear sticker|cute bear decal|wildlife sticker|vinyl bear sticker|grizzly bear art|woodland animal|water bottle sticker,wildlife decor item|waterproof bear art|adorable bear art|brown bear sticker|bear art print|cute woodland bottle
26,full,stickers,"Custom Logo Vinyl Stickers: Die Cut, Waterproof, Bulk Options",13,0,0,0,224,logo stickers|waterproof stickers|bulk vinyl stickers|die cut stickers|custom labels|business stickers|event stickers|sticker printing,circle cut stickers|square vinyl labels|custom logo stickers|vinyl die cut labels|bulk event stickers
26,title,stickers,"Custom Logo Vinyl Stickers: Die Cut, Waterproof, Bulk Options",13,0,0,0,226,custom logo stickers|vinyl logo decals|waterproof stickers|bulk vinyl stickers|die cut stickers,vinyl cut options|logo die cut decals|vinyl stickers bulk|bulk die cut decals|custom logo decals|waterproof decals|custom die cut|bulk options
27,full,stickers,"CUSTOM Stickers Roll, Custom Logo Stickers, Custom Label Roll, Personalized Label Roll, Business Label Roll, Custom Product Label Roll",13,0,0,0,214,custom stickers|logo stickers|personalized labels|business stickers|label roll|custom label roll|sticker roll,high quality labels|easy peel labels|affordable stickers|unique logo stickers|custom logo sticker|personalized label
27,title,stickers,"CUSTOM Stickers Roll, Custom Logo Stickers, Custom Label Roll, Personalized Label Roll, Business Label Roll, Custom Product Label Roll",13,0,0,0,217,custom stickers|logo stickers|personalized labels|business labels|label roll,custom product label|logo design stickers|custom roll stickers|custom label roll|roll of labels|business product|custom stickers roll|stickers roll logo
28,full,wedding,Fabric Wedding Welcome Sign Modern Wedding Welcome Sign Fabric Linen Custom Wedding ceremony Boho Wedding Welcome Sign Ceremony Sign S3,13,0,0,0,243,wedding welcome sign|fabric wedding sign|custom wedding sign|boho wedding sign|linen wedding sign|ceremony sign fabric|event welcome sign,custom event signage|modern fabric sign|fabric bridal sign|linen ceremony sign|boho welcome sign|stand 12 ribbon text
28,title,wedding,Fabric Wedding Welcome Sign Modern Wedding Welcome Sign Fabric Linen Custom Wedding ceremony Boho Wedding Welcome Sign Ceremony Sign S3,13,0,0,0,198,wedding welcome sign|fabric wedding sign|custom wedding sign|boho welcome sign|linen wedding sign,ceremony fabric|modern fabric|welcome fabric|linen welcome|wedding linen|boho ceremony|wedding sign|custom linen
29,full,wedding,"Hand-Stitched Embroidered Wedding Guest Book Canvas Banner, Personalized Last Name Sign",13,0,0,0,234,wedding guest sign|wedding table decor|bridal shower gift|canvas wedding sign|modern wedding sign|wedding date sign|fabric guest book,hand stitched sign|last name sign|elegant table decor|custom wedding decor|rustic wedding sign|unique guest book
29,title,wedding,"Hand-Stitched Embroidered Wedding Guest Book Canvas Banner, Personalized Last Name Sign",13,0,0,0,229,wedding guest book|personalized banner|embroidered sign|canvas wedding decor|last name sign|hand stitched banner,handmade guest book|custom name sign|wedding banner decor|personalized sign|embroidered decor|guest book canvas|last name canvas
30,full,wedding,Set of 2 Personalized Wedding Vow Books His and Her Paper Vow Books Customized Wedding Vow Book with Silk Ribbon gift for Bride and Groom,13,0,0,0,238,wedding vow books|custom vow books|bride and groom gift|silk ribbon vow book|keepsake vow book|his and hers vows,textured cover book|handmade vow book|wedding day book|silk ribbon keepsake|wedding vow keepsake|gift for bride groom|custom wedding book
30,title,wedding,Set of 2 Personalized Wedding Vow Books His and Her Paper Vow Books Customized Wedding Vow Book with Silk Ribbon gift for Bride and Groom,13,0,0,0,224,wedding vow books|custom vow books|bride and groom gift|silk ribbon vow book|set of vow books,his and her books|personalized book|custom wedding book|silk wedding ribbon|personalized gift|wedding gift set|custom vow book|silk ribbon set
