id,category,title,description
1,art,"Celestial Orbit Kinetic Sculpture, Solar System Sculpture, Rotating Kinetic Art,Modern Desktop Decor,Space Model,Decorative Planet Sculpture","✨ Celestial Orbit Kinetic Sculpture – A stunning metal kinetic art piece that simulates the movement of planets in a solar system model, perfect for modern home or office decor. The rotating sculpture brings the beauty of space to life, making it a striking statement piece.

🌟 Product Details:
• Size: 26 x 22 x 9 сm| 10.2""x8.7""x3.5"" Elegant and compact for desktop display – ideal for desks, shelves, or as a conversation starter.
• Material: High-quality plastic for durability and a polished finish.
• Design: A modern solar system model featuring orbiting planets and a rotating central design.

🎁 Why You’ll Love It:
• A perfect addition to any modern decor – adds sophistication and elegance to any space.
• Ideal gift for space enthusiasts, science lovers, or anyone who appreciates kinetic art.
• The rotating feature makes it an interactive and dynamic desktop decor piece.

🔒 Order Now and bring the wonders of the solar system into your space with this captivating celestial orbit kinetic sculpture."
2,art,Large Christian Wall Art | Vintage Botanical Floral Scripture Consider Lilies Canvas Print | F170,"Vintage Oil Painting Printed on Cotton Canvas with Matthew 6:28 Added

-Description: Please view our video in the second photo to see close ups and further descriptions of this framed canvas art.

-Art is printed on a premium cotton canvas and permanently mounted to composite backer or birch (for the two larger sides), before being professionally framed. Art is lightweight and very easy to hang with the two sawtooth hangers that are mounted to the back.

-We have six frame options. Five of them are stained premium pine or painted gold metallic. We also have a hardwood oak option that is lightly oiled for a natural wood look. Please note for the oak frame option: As with all oak, the color can vary a little as it is oiled and not stained. The oil brings out the color of each individual piece of wood we use.


Dimensions- (these are the print dimensions, please note that the frames add about an inch both ways.)

30x20

36x24

42x28

48x32

54x36
______________________________________________________________________________________________________________________________

Shipping and Turn Around Time-

Please view turn around time at checkout. Etsy will tell you our estimated processing time before you purchase an item. We typically ship on a 3-5 business day turnaround, though that may be longer during the holiday season. The estimated processing time at checkout is always the most reliable estimation.

We use Fedex Home Delivery to ship. We can ship UPS upon request if you reach out to us after your purchase.

🇨🇦 CANADIAN SHIPPING:

Because of very large demand, we have begun shipping to Canada. Please be aware, we have no control over customs fees. They are sometimes as expensive as the product itself. We do not reimburse you for customs fees and are in no way responsible for their payment.

______________________________________________________________________________________________________________________________

Why choose Rooted and Grounded?

We love what we do and love the idea that what we are making helps you add your personality and character to your home. We are very particular about our product. We take pride in making our art and make sure we are happy with every piece before we send it out. If for any reason you are not happy with your art, please let us know and we will work with you to get you a replacement or refund.

______________________________________________________________________________________________________________________________

***check out our similar products below***

https://www.etsy.com/shop/RandGCottonGoods?"
3,art,"Press On Nails Dragonfly with Pink Flower | 3D Nature Fake Nails in Long Almond | Handmade Spring Nail Art for Holiday, Vacation, Birthday","Design: Lilynailsart
Photo: Lilynailsart

🍁 Material: I only work with high-quality materials to create sturdy, long-lasting luxury press-on nails that you can trust.
My nails will last for:
1. 1-2 days using adhesive tabs (provided with the nail set)
2. 3-4 weeks using nail glue.
You can reuse all of the nails multiple times if you take care of them. Follow the instructions provided with the nail set.

🍁 Size:
XS: 14, 10, 11, 10, 8 mm
S: 15, 11, 12, 11, 9 mm
M: 16, 12, 13, 12, 9 mm
L: 17, 13, 14, 13, 10 mm
If you would like a custom size, please fill out the personalization section under the product options.
I'm happy to help you measure your nail size if you're unsure.

🍁 Each Nail Set Includes:
• 10 nails of your size
• 24 adhesive tabs
• 1 nail file
• 1 nail glue
• 1 cuticle stick
• 1 alcohol wipe

🍁 Processing Time:
Every nail in my shop is handmade and hand-painted with love and care.
Please allow:
• 10-14 days for the nails to be made
• 4-8 days for USPS delivery.

🍁 About the Product:
All of my nails are handmade and customized to fit your size. Please note that I can make any size and shape you desire. Feel free to contact me if you'd like some customizations made.

🍁 Customer Service:
I am happy to resolve any issues with the nails or shipping if you are not satisfied. Whenever you have a problem, I am always ready to help.
Thanks a lot, and I look forward to creating some awesome nails!
Lily"
4,baby,"Custom Crochet Pacifier Clip, Baby Dummy Clip, Pacifier Holder, Custom Name Baby Accessory, Baby Shower Gifts, Baby Gifts, Newborn Gifts","Custom Crochet Pacifier Clip, Baby Dummy Clip, Pacifier Holder, Custom Name Baby Accessory, Baby Shower Gifts, Baby Gifts, Newborn Gifts


🌹 Crochet Pacifier Clip

- ThisCrochet Pacifier Clip is the ideal gift for baby.

- Also perfect as a gift for your lover, it will be a meaningful gift.


🌹D E T A I L
- Material : Cotton, Wood

*Only carve one side


-Note: Currently, we only have two designs: one with 6 beads and one with 8 beads. If the name is fewer than 6 letters, we use the 6-bead design for engraving; If there are more than 6 to 8 letters, we use the 8-bead design. This is to avoid product defects caused by disassembling and reassembling.


🌹 H O W - T O - O R D E R

1- Leave the personalization in the 'Personalization Box'.

2- Add it to your cart.

3- Complete your order.


🌹If you have any questions, please feel free to contact us, we will reply you as soon as possible!

Enjoy your shopping!"
5,baby,"Personalized Christmas gift for baby, Handmade felt quiet book, Customized soft Montessori-inspired toy, First birthday present, Busy book","✨ Unique Gift • Rare Find • Thoughtfully designed • Handmade with love✨
--------
✨Dimension and version:
There are 4 books of 4 themes: WILD LION, FAIRY GARDEN, BERRY TALE, and BEAR ADVENTURE. Each has 2 versions available for your choice:
+ Basic version: 7 pages (including 1 cover page), sized at ~ 5.9 x 5.9 x 1.9 inch (15 x 15 x 5 cm)
+ Full version: 11 pages (including 1 cover page), sized at ~ 5.9 x 5.9 x 2.7 inch (15 x 15 x 7 cm)
--------
Keep little hands busy and curious minds enchanted—screen-free—anywhere you go. These are one-of-a-kind, 100% hand-sewn quiet books that bring a mini world of magic right into your child’s lap. Perfect for gifting at first birthdays, second birthdays, baby showers, Christmas, Easter or special occasions!
--------
✨ Why your little one will love it:
• Original styling & rare find: Unlike mass-market toys, each detail is thoughtfully designed from scratch.
• Sensory & fine motor skills development: Every page builds fine-motor control, hand-eye coordination, and tactile exploration.
• Soft & portable: No hard parts, no loose or removable pieces—ideal for long trip such as airplane seats, car rides, doctor visits, or quiet time at home.
• Personalizable: Add the child’s name for an extra-special keepsake.
--------
📖 Page-by-Page FAIRY GARDEN (see more in photos of each book for details):
1. Mushroom house in the flower garden (cover page) - Let's flip the soft felt leaves to peek inside your fairy’s cozy home.
2. The mouse hides & seeks in the tulip flower - Pull & push string activity to make the little mouse appear—or disappear! Just magical
3. Daisy petals & who's in the mirror? - Let the baby's tiny fingers feel the handcrafted petals to develop sensory, then catch him/herself reflection in the soft & bendy, baby-safe mirror.
4. Bear brushing teeth - Practice the brushing motion with a tiny toothbrush—develops dexterity and good habits.
5. The worm eating through the pear - Using the string to guide the worm through holes - strengthen fine motor skills and focus
6. Lazy snail button maze - Using tiny fingers to feel the button and move it along a soft and securely sewn mesh track—perfect for fingertip control.
7. Stacking layers of birthday cake - Arrange cake layers from largest to smallest—early sorting and sequencing fun which develop hand eye coordination with peeling and sticking hooks and loops
From page 8 - for full version only
8. Ladybug flap surprise - Lift the wings to reveal the hidden baby ladybug in mommy's tummy.
9. Unicorn ribbon mane - Weave and unweave the silky ribbons, then fan out the mane for magical flair.
10. Silly worm & carrot zipper play - Zip open to reveal the stretchy worm—pop out, stretch, and hide again!
11. Peek-a-Boo Bunny - Flip the bunny’s hands over its eyes to play classic “peek-a-boo.”

📖 Page by Page: WILD LION (see more in photos of each book for details):
1. Peek-a-boo lion (cover page) - Twist the lion’s arms in circles to cover—and uncover—his eyes in classic peek a boo fun.
2. Zebra leaf tug - Let your baby sway the zebra’s two legs, then pull the soft leaves side to side to reveal hidden stripes.
3. Banana-eating monkey - Zip and unzip the pouch; guide the banana into the monkey’s mouth. Spin the button eye through its safe mesh track, then lift the leaf flap for extra surprise.
4. Bear brushing teeth - Tiny toothbrush in paw—builds dexterity and reinforces healthy habits.
5. Birthday cake stacking - Hooks and loops cake layers stack from largest to smallest—early math and sequencing made sweet.
6. Sun ribbon rays & mirror - Thread the ribbons through loops to fan out sunbeams, then catch a smile of him/herself in the soft, safe and elastic mirror.
7. Elephant swing - Wiggle the elephant’s trunk side to side and feel the crinkle of its textured ears—sensory delight!
From page 8 - for full version only
8. Balloon riding bear - A tactile hand puppet bear in a fuzzy basket -- peel and stick the scratch and feel textures for extra grip.
9. Rainbow & rising sun - Pull the tab to raise or lower the sun behind a rainbow -- gentle cause and effect play.
10. Chestnut-eating worm - Guide the worm through holes in the chestnut shell -- threading practice for little fingers.
11. Airplane glide - Slide the plane diagonally across the page -- perfect for practicing smooth, guided motion.

📖 Page by Page: BERRY TALE (see more in photos of each book for details):
1. Berry sweet welcome (cover page) - Decorated with strawberries and a bow – sets the tone for a whimsical adventure.
2. Flower mirror - A soft cotton flower with a flexible, baby-safe mirror as its center. Great for self-recognition and finger exploration.
3. Peek-a-boo bunny with flower crown - The bunny’s hands flip open for peek-a-boo fun. The flower on the crown gently spins.
4. Cute pink owl on a branch - Mesh eyes with movable buttons inside – little fingers can slide them safely to explore movement.
5. Strawberry layer cupcake - Stack the soft hooks and loops cake layers from biggest to smallest. A cherry on top adds the perfect touch.
6. Mushroom house with fairy puppet - Open the buttoned door to reveal a surprise – a tiny fairy puppet waiting inside!
7. Unicorn ribbon mane - Weave and unweave the silky ribbons, then fan out the mane for magical flair.
From page 8 - for full version only
8. Giraffe brushing teeth - Open the giraffe’s mouth and help it brush its teeth – a great fine motor and help develop good habit & self-care skill.
9. Worm eating through the apple - Using the string to guide the worm through holes - strengthen fine motor skills and focus.
10. Silly worm & carrot zipper play - Zip open to reveal the stretchy worm—pop out, stretch, and hide again!
11. Snail hiding behind the leaf - Lift the big leaf flap to find a sliding snail hiding! Move it gently side-to-side along a soft track.

📖 Page by Page: BEAR ADVENTURE (see more in photos of each book for details):
1. Peek-a-boo bear in a party hat (cover page) - A cheerful brown bear wears a birthday hat and lifts both arms for a fun peek-a-boo greeting.
2. Birthday cake stacking - Stack soft hooks and loops cake layers from largest to smallest and top it with a felt flame — a sweet sorting game!
3. Sun rising from the rainbow - Pull the sun string up and down as it peeks out from behind the rainbow — early cause-and-effect play.
4. Bear riding balloon - A smiling bear in a hot air balloon — use as a finger puppet for interactive storytelling.
5. Flying plane fun - Slide the airplane up and down diagonally with fingertip control — simple motion with big excitement!
6. Elephant with flapping ears - Big, crinkly ears flap wide like fans. Move the trunk in circles, lift the legs, and swipe the big green leaves back and forth. Sensory delight!
7. Silly worm eating pear – zip play - A stretchy, silly worm hides inside a pear — zip open and shut to discover and hide it again.
From page 8 - for full version only
8. Sun ribbon rays & mirror - Thread the ribbons through loops to fan out sunbeams, then catch a smile of him/herself in the soft, safe and elastic mirror.
9. Owl on a branch - Mesh eyes with movable buttons inside – little fingers can slide them safely to explore movement.
10. Hippo brushing teeth - Lift the hippo’s big mouth and use the tiny toothbrush to help brush! Builds good habits and strengthens fine motor control.
11. Chestnut-eating worm - Guide the worm through holes in the chestnut shell -- threading practice for little fingers.

--------
🎁 Perfect gift & playtime companion
• Ideal for trips: Quiet, soft, and mess-free.
• Screen-free engagement: captivates tiny explorers without electronics.
• Both baby and parent-friendly: encourages parent-child bonding so that the baby can learn from parent's example activities. Note: parental supervision is advised if the child plays on his/her own."
6,baby,"Personalized Nursery Rhymes Book, Custom Baby Name Storybook, Baby Shower Gift for Boy or Girl, Nephew First Birthday Gift, Baby Keepsake","This personalized children’s nursery rhymes book from Starfall Gift Co. is a cozy keepsake made to be read again and again. Each copy is professionally printed as a real physical book (not a digital download), with soft illustrations and gentle rhymes, poems. and lullabies designed for peaceful bedtime routines.

Looking for something a little different? At Starfall Gift Co., we love custom work. Message us with your idea and we’ll do our best to bring it to life.

✨ Book Details
• Personalized bedtime story book
• Soft watercolor/pastel illustration style
• Includes a custom dedication page + personalized ending
• Printed as a physical book
• Available formats/sizes (choose in dropdown):
– Hardcover 11""×11"" or 8""×8"" (heirloom feel, larger page size)
– Softcover 8""×8"" or 5.5""×5.5"" (lightweight, travel-friendly)

✨ How to Personalize

1. Enter your child’s name exactly as you’d like it printed in the personalization box.
2. Add a dedication “from” name. If you'd like to write your own dedication instead of using the prewritten one, you may provide it here.
3. Double-check spelling and capitalization before checkout.
4. Ordering multiple books? Add each one to your cart with its own personalization.

✨ Production & Shipping
• Made to order and printed by our professional production partner.
• Orders are produced and shipped using multiple fulfillment locations worldwide whenever possible to help reduce shipping times.
• Production time and shipping estimates are shown at checkout and may vary by destination and format.

✨ Starfall Quality Guarantee
We want you to love your book. If it arrives with any print or quality issues, simply contact us within 30 days of delivery and we’ll replace it or provide a full refund."
7,candles,"8oz Essential Oil Soy Wax Candle, Home Decor, Gift For Her, Clean Burning Candle, Cozy Home Decor, Esthetic Candle, Aromatherapy","Our 8oz soy wax candles are meticulously formulated with 100% pure essential oils, ensuring authentic and therapeutic aromas. Each scent is paired with a distinctive decorative topping, enhancing both the visual and sensory experience. These candles offer a refined blend of natural fragrance and elegant design, ideal for creating a sophisticated ambiance.

scents

lavender vanilla
Lavender vanilla contains 100% essential oil with a combination of lavender buds and rose pedals which are organically sourced and used as a visual display topping.

lemon lavender
lemon Lavender contains 100% essential oil with a combination of lavender buds and dried lemon slices which are organically sourced and used as a visual display topping.

orange
Orange contains 100% essential oil with a combination of dried orange slices and rose pedals which are organically sourced and used as a visual display topping.

grapefruit
Grapefruit contains 100% essential oil with a combination of dried Grapefruit slices and rose pedals which are organically sourced and used as a visual display topping.

lemon grass
Lemon Grass contains 100% essential oil with a combination of Dried lemon grass which are organically sourced and used as a visual display topping.

lemon
Lemon contains 100% essential oil with a combination of dried lemon slices and rose pedals which are organically sourced and used as a visual display topping.

jasmine
Jasmine contains 100% essential oil with a combination of dried jasmine buds which are organically sourced and used as a visual display topping."
8,candles,Custom Photo Candle Add Your Picture And Personalized Text Dating Anniversary Photo Gift Personalized Candle for Couple SL-0319,"Celebrate your love and treasured memories with our Custom Photo Candle, a perfect personalized gift for anniversaries, birthdays, or special occasions. Crafted with care, this beautiful candle allows you to add your favorite photo and personalized text, transforming it into a heartfelt keepsake that captures precious moments.

CANDLE SIZE DIMENSIONS:
4 OZ MINI CANDLE: Height: 2.7 in Diameter 2.4 in
9 OZ CANDLE: Height: 3.5 in Diameter 2.8 in

DESCRIPTION:
+ 100% Soy wax hand poured into glass jars
+ Cotton wicks (NO lead, zinc, or other metals)
+ Fragrances are phthalate free!
🤍 Please note that all labels will include our shops branding at the top as shown

AVAILABLE SCENTS:
🖤 Atlantis Whisper
Blends a fresh ocean breeze with earthy driftwood, creating a serene and calming scent.

🖤 Christmas Warmth
Blends spicy cinnamon, clove, and sweet vanilla with a hint of pine for a cozy holiday scent.

🖤 Cinnamon Vanilla
Mixes warm cinnamon with sweet vanilla for a cozy, inviting scent.

🖤 Coconut Cream + Cardamom
Blends creamy coconut with warm cardamom for a sweet, exotic scent.

🖤 Peppered Passionfruit
Combines tropical passionfruit sweetness with a spicy hint of cracked pepper for an energizing scent.

🖤 White Sage + Lavender
Combines earthy white sage with calming lavender for a soothing, serene scent ideal for relaxation and mindfulness.

🖤 Unscented
Provides a clean burn that enhances any space without adding fragrance. Its simplicity creates a calm, inviting ambiance.

Please reach out to us if you have any questions/concerns about anything! Thank you for choosing Simply Lit Candles!"
9,candles,"Spa Candles | Sea Salt & Orchid, Peppermint, White Sage, Lavender Candles","Available individually or as a set of 3 — perfect for gifting or creating cozy vibes at home.

Indulge in everyday calm with our Spa Candle Set – a soothing trio of handcrafted soy candles in your choice of 4oz or 8oz amber jars. Each candle is made with clean-burning soy wax and premium fragrance oils, perfect for creating a peaceful retreat at home or gifting moments of serenity.

🕯️ Scents Included (choose individually or as a full set of 3):
• Sea Salt & Orchid – A fresh, floral blend of sea mist, ozone, and delicate orchid petals.
• Peppermint & Eucalyptus – A revitalizing spa scent with crisp peppermint and earthy eucalyptus.
• White Sage & Lavender – Calming herbal notes of white sage blended with soothing lavender.

Variants:
• Available sizes:
▸ 4 oz (burn time: 25+ hours)
▸ 8 oz (burn time: 50+ hours)
• Scent: Sea Salt & Orchid / Peppermint & Eucalyptus / White Sage & Lavender / Set of 3

🎁 Perfect For:
• Spa lovers & self-care rituals
• Birthday gifts, thank-you gifts, teacher appreciation
• Bridesmaid boxes, relaxation gifts, get-well presents

🌿 Product Details:
• Choose single scents or a gift set of all 3
• Amber glass jar with black lid (4 oz or 8 oz size)
• Hand-poured in small batches in the USA
• 100% soy wax + cotton wick for clean burn
• No phthalates, dyes, or harsh chemicals

✨ Whether you're gifting or keeping for yourself, this minimalist candle set brings cozy vibes and spa-like calm to any space.

Personalization Box (optional):
• Leave a note if this is a gift – we’re happy to include a gift message!"
10,clothing,"Custom Personalized T-Shirt with Name or Message - Perfect Gift for Birthdays, Anniversaries, Weddings, and Special Occasions","Discover the joy of gifting with our custom shirt, designed to celebrate life's special moments. Whether you're looking for a personalized gift to mark a birthday, anniversary, or wedding, this versatile cotton t-shirt lets you add your own text or name for a truly unique keepsake. Crafted with care, each shirt is made to be both comfortable and meaningful, making it a cherished addition to any wardrobe.

- ✅ 100% cotton for simple colors like white and black; heathered colors feature a soft cotton/polyester blend
- ✅ Short sleeve crew-neck unisex design with sueded jersey fabric for a retail fit
- ✅ Pre-shrunk, taped shoulder-to-shoulder construction with tear-away label and side seams

🌸 Store Policies
Please Read Before Ordering

📦 Shipping Notice
We are not responsible for packages that are lost, stolen, delayed, or damaged while in transit with USPS or any shipping carrier.

⚠️ Order Issues
If there is a problem with your order, please contact us within 3 days of delivery so we can review and assist with the issue.

📍 Incorrect Shipping Address
Please verify your shipping address carefully before placing your order.
If you notice an incorrect address, contact us immediately.
Once an order has shipped, we are unable to change the address.
We are not responsible for orders shipped to an address provided incorrectly by the buyer.

🎨 Product & Design Disclaimer
Colors may appear slightly different in person due to screen settings, lighting, printing methods, and monitor/device variations.
Design placement and size may vary depending on garment size, style, and mockup proportions.
The product you receive may not exactly match the colors or scale shown in listing photos.
We highly recommend reviewing customer photos and reviews for real-life examples.
For custom-size print requests, please provide the exact print dimensions and placement details with your order.

📝 Design Proofs
If you would like to review your design before production, please request a proof in the personalization section when placing your order.
If no response is received within 24 hours after a proof is sent, production may proceed using the submitted information.

🧺 Care Instructions
Turn garment inside out.
Machine wash cold on gentle cycle.
Tumble dry low or hang dry.
Do not bleach.
Do not iron directly on the design.
Do not dry clean.

🚚 Processing & Shipping Times
Production Time
1–3 Business Days

Estimated Shipping Times
First Class Mail: 2–5 Business Days
Priority Mail: 2–3 Business Days
Please note that shipping estimates are provided by the carrier and are not guaranteed.

❌ Cancellation Policy
Orders may be canceled within 3 hours of purchase.
After this period, production may begin and cancellations may no longer be possible.

🔄 Returns & Exchanges
Because each item is custom-made specifically for your order:

ALL SALES ARE FINAL
We do not accept returns, exchanges, or refunds for:
Sizing issues
Buyer mistakes
Change-of-mind purchases

Refunds or replacements may be offered only if:
The wrong item was sent, or
The item arrives with a manufacturing error caused by us.

📏 Sizing Information
Please review the size chart carefully before ordering.
We are unable to offer refunds or exchanges due to incorrect size selection.

❤️ Thank You
We appreciate your support!"
11,clothing,"Custom Pet Photo And Name Shirt,Personalized Comfort Colors Pet Shirt,Customized Picture Dog Shirt,Dog Lover Gift,Cat Mom Gift,Pet Loss Gift","💜 Thank you for exploring our shop and considering our products.
💜 Please keep in mind that our shipping times are estimated due to the nature of our business and may fluctuate slightly.
💜 If you're unhappy with the quality of your clothes, please reach out to us immediately so we can make things right.

💜 MATERIAL INFORMATION
COMFORT COLORS® T-SHIRT
- C171 garment-dyed t-shirt for a vintage look and relaxed fit
- 100% ring-spun cotton
- Medium fabric (6.1 oz/yd² (206.8 g/m²))
- Sizing down one size will give you a more fitted look*
- Sticking with your normal size gives a nice relaxed look*
- Sizing up 1-2 sizes gives an oversized look*

UNISEX T-SHIRT - BELLA CANVAS SHIRT
- 100% cotton (fiber content may vary for different colors)
- Medium fabric (5.3 oz/yd² (180 g/m²))
- Classic fit
- Runs true to size
- Unisex sizing

💜ORDERING INFORMATION
1. Choose the category
2. Choose a hue.
3. If you have modification, enter it. Cart it up. after that, exit.

💜INSTRUCTIONS FOR WASHING
When washing, use cold water, avoid bleach, dry clean, and avoid ironing directly on the pattern.

💜PRODUCTION AND SHIPPING
- Production time: We will produce and send out 1 day after the order is placed.
- US Standard Shipping: 2–8 business days (after production time)
- Worldwide Shipping: 10–12 business days
- Please allow 2–5 business days so that tracking is active while your order is handcrafted, packaged, and shipped.
- If you require expedited delivery or have any questions, please do not hesitate to contact us.

💜 Please keep the following in mind before purchasing:
- Our apparel runs true to size, so if you want an oversized look, please size up 1 to 2 sizes.
- Because of the natural fabric, the color printed on the clothes may be a bit duller than shown in the picture.
- Please double-check that your address is correct and that nothing is missing, especially address 2.

💜RETURN POLICIES
- We do not accept returns or exchanges for a different size if you order the incorrect size, so please check out the size chart carefully to make sure you get the best fit.
- We do not accept returns or refunds if your address is incorrect or lacks information.
- We only accept exchanges if the item(s) are severely damaged as a result of a manufacturing flaw."
12,clothing,"Embroidered Scrub Life Goose Sweatshirt, Medical Student Nurse Hoodie, Doctor Vet Tech Crewneck, Healthcare Worker Gift, Hospital Humor Top","SALE OFF
Embroidered Scrub Life Goose Sweatshirt, Medical Student Nurse Hoodie, Doctor Vet Tech Crewneck, Healthcare Worker Gift, Hospital Humor Top

***Sweatshirts & Hoodies – Made from a high-quality 65% cotton and 35% polyester blend, offering a soft, comfortable, and long-lasting fit.

***Care Instructions
To keep your embroidered garment looking its best:
Machine wash inside-out in cold water on a gentle cycle.
Tumble dry on low heat or hang to air dry.
Use mild detergent and wash with similar colors.
Do not dry clean, bleach, or use fabric softeners.

***Important Details
1️⃣ Maximum embroidery frame size is 10 inches. On larger shirt sizes, designs may appear smaller.
2️⃣ This is a personalized item; refunds are only available if there is an issue with the embroidery. Please verify all details before ordering.
If any issues arise, don’t hesitate to contact us—we’re dedicated to resolving them to ensure your satisfaction.

***Shipping Information
1. Processing Time: 3–7 business days for order preparation.
2. Shipping Time: 9–12 business days, depending on location.

***Additional Notes
Color Disclaimer: Garment colors may vary slightly due to lighting and photography. Thank you for understanding.
Order Issues: Contact us if any problems arise, and we’ll assist promptly.
Unresponsive Customers: If we need more information and do not receive a reply, we will proceed using default thread colors and styles based on your order.

*** Custom Adjustments: Want changes to the design? Message us, and we’ll collaborate to make your custom piece perfect!"
13,craft supplies,10pcs Natural Miniature Small Stepping Stone Figure Fairy Garden Supplies Terrarium Accessories,"*-*-*-*-*-*-*-*-**********************************-*-*-*-*-*-*-*-*

★ DETAILS:

[1] Materials: natural stone (The stone steps are natural color,not everyone is the same)

[2] Quantity:10pcs

[3] Size: width 2cm thickness 0.3cm


*-*-*-*-*-*-*-*-*Welcome To LoveFairyGarden*-*-*-*-*-*-*-*-*
*-*-*-*-*-*-*-*-**********************************-*-*-*-*-*-*-*-*"
14,craft supplies,"Colorful Stained Glass Scrap Pieces – Ideal for Mosaics, Resin Art, Crafts & DIY Projects *Please Read Description*","***PLEASE FULLY READ DESCRIPTION***

WE WILL FILL A THICK 5""X5""X5"" BOX AS FULL AS WE SAFELY CAN WITH GLASS SCRAPS (approx 2 lbs of glass).

*Perfect for mosaics, mixed media art, resin and more!
*MOST SCRAPS ARE NOT LARGE ENOUGH TO USE FOR STAINED GLASS.
*Mix of COE, so not ideal for fusing a particular COE.
*Will contain mixed glass: transparent and opaque

PLEASE NOTE:
~YOU GET, WHAT YOU GET. NO COLORS/KINDS OF GLASS ARE GUARANTEED.
~Glass scrap packs are ALWAYS a mix of random colors, textures, sizes.
~These scraps are studio scraps, thus the colors, sizes etc. are constantly changing depending on current projects.
~Scraps may come with score lines, stickers, sand, and glue on them. Cleanable but come as is :)

Our trash is your treasure!!

*These boxes are very popular due to the unique glass/one of a kind glass that are in them from time to time."
15,craft supplies,"Random sample SMALL seed beads, Small bag of bead mix, beads for DIY projects, jewelry making, beads soup, mostly 2-6mm, 7-10g, 0000","Random selected bag with this purchase.
Materials may contain glass, stone, gemstone, shells, wood, metal. Natural material are not perfect.
Please notice these are SMALL size beads, mostly measure from 2-5mm in diameter.
You can make about 4-9 regular length bracelets with 1 OZ(30 grams) of beads.
Free gifts with every order.
Beads are randomly selected, can’t guarantee a certain type included or number of a certain type.
Please note that the beads are made of glass, and there is a possibility of breakage during transit despite our best efforts to package them securely. As a gesture of goodwill, we have already included extra beads in your order to compensate for any potential damage.
We also would like to inform you that natural stones are unique and may exhibit irregular shapes and uneven surfaces due to their organic formation.
The color may appear slightly different due to screen settings.
Beads size are different from 2mm-10mm.
The number of beads in 1 oz may vary depending on the size of the beads.
Prices may vary due to the different types of beads contains in the assortment.

Enhance your jewelry making, crafting, and DIY projects with this beautiful assortment of mixed glass and crystal beads. This set includes a variety of high-quality beads in different colors, shapes, and sizes, perfect for creating unique designs. Whether you're making necklaces, bracelets, earrings, or adding accents to other crafts, these beads will add a touch of elegance and sparkle to your creations.


Key Features:


Variety of Shapes & Sizes: Includes a wide range of bead shapes such as rounds, cubes, and faceted crystals to suit any project.

High-Quality Materials: Crafted from premium glass and crystal for durability and an elegant finish.

Assorted Colors: A vibrant mix of colors to complement any design, from bold and bright to subtle and pastel hues.

Versatile Use: Ideal for jewelry making, beading, crafting, scrapbooking, and other DIY projects.

Perfect for All Skill Levels: Suitable for beginners to advanced crafters.

Whether you're a seasoned jewelry maker or just starting out, this mixed bead assortment is the perfect addition to your crafting supplies. Get creative and bring your projects to life with the stunning beauty of glass and crystal beads!"
16,digital downloads,"2026 ADHD Planner, ADHD Digital Planner, Goodnotes Planner, iPad Planner, Daily Weekly Monthly Planner, Productivity, Self Care Planner","Does your mind feel like it’s always jumping from one thing to the next? Staying organized with ADHD isn’t just hard; it can feel impossible. But it’s not your fault. You just need a planner designed for the way your brain actually works. That’s exactly why we created this ADHD Digital Planner. Specifically crafted for neurodivergent brains, it makes planning feel doable, calming, and empowering. Instead of forcing you into a rigid system, this intuitive planner gently guides you back on track and supports your journey toward a life that feels aligned, productive, and fulfilling.

Why You’ll Love This ADHD Digital Planner:
✓ Tailored for ADHD minds - designed to reduce overwhelm and support how your brain works best
✓ Breaks your day into manageable chunks so you can take action without feeling paralyzed
✓ Keeps your priorities crystal clear so you always know what to focus on next
✓ Calming, minimalist layouts that soothe your mind and keep you engaged
✓ Flexible enough to adapt to your daily energy and needs

Key Features:
✓ Designed for Neurodivergence: Specifically crafted with the ADHD brain in mind
✓ Full year coverage: January 2026 to December 2026
✓ Yearly, quarterly, monthly, weekly, and daily planning pages
✓ 714 fully hyperlinked pages for seamless navigation
✓ Four weekly layout options for flexible planning
✓ Includes ADHD wellness, productivity, and finance templates
✓ Bonus note-taking pages
✓ Thoughtfully designed for easy and intuitive use
✓ Hyperlinked tabs and pages for fast access
✓ Monthly and year end self reflection prompts
✓ Track and maintain your health goals each month
✓ Set and track your goals monthly
✓ Fully compatible with: GoodNotes, Notability, Noteshelf, Noteful, CollaNote, Zinnia, Freenotes, and more
✓ Monday & Sunday start options
✓ Instant digital download

Take control of your life and manage your ADHD with confidence. Our ADHD Digital Planner is your partner in achieving your goals and living your best life. Don't just plan, thrive!

Shop the matching DIGITAL STICKERS here: https://www.etsy.com/listing/1595672578/digital-stickers-that-girl-aesthetic
Shop the matching FONT here: https://www.etsy.com/listing/1592763455/handwritten-font-manifestable-font

If you have any questions about the purchasing or downloading process, please contact us!

WHAT’S YOU’LL RECEIVE:
-1 PDF 2026 ADHD Portrait Planner - Monday Start.
-1 PDF 2026 ADHD Portrait Planner - Sunday Start.
-1 PDF guide on how to download and import digital planner into Goodnotes.

PLEASE NOTE:
This is a digital product. You will not receive any physical elements with this purchase. Stickers and the font used in the preview are not included, but you can purchase them in our shop https://manifestable.etsy.com

TERMS OF SERVICE:
Due to the digital nature of this product, all sales are final. We cannot offer refunds, exchanges, or cancellations once the files have been downloaded. Please contact us with any questions before purchasing, we’re here to support you.

TERMS OF USE:
This planner is for PERSONAL USE ONLY and may not be resold, shared, or redistributed in any form. You may not use any part of the design to create new products for resale. Usage is monitored regularly, and any copyright violations will be reported.

DISCLAIMER:
This is our only official shop for our digital products. To ensure you are purchasing genuine items, only buy from this Etsy shop.

Copyright © 2025, Manifestable. All rights reserved."
17,digital downloads,"All-in-One Digital Planner 2026, 2027, 2028 Digital Planner, Digital Journal, Digital Goodnotes Template, Weekly, Daily Planner, Notability","All-in-One Digital Planner 2025, 2026, 2027, Digital Planner, Digital Journal, Digital Goodnotes Template, Weekly, Daily Planner, Notability


TESTED & USED ON:

- GoodNotes on iPad
- Notability on iPad
- Noteshelf on iPad
- Zinnia on iPad
- ZoomNotes on iPad
- Xodo ( PDF Reader & Annotator by Xodo ) on iPad with limited functions
- Xodo on Android Tablets
- Xodo on Surface/Windows Tablets



THIS PLANNER INCLUDES FILES:

- Free Yearly Updates
- Sunday Start Planner
- Monday Start Planner
- Four Weekly Layouts
- One Daily Layouts
- Stickers Folder
- Covers Folder



DOWNLOAD INFORMATION:
This is a digital product no physical product will be sent.
Once payment is complete, digital files will be available for download in your account and an email will be sent to your Etsy registered email. Downloaded products are non refundable.



We strongly recommend usage on an iPad Pro / iPad Air / iPad with an Apple Pencil (or a stylus) and the use of either Goodnotes or Notability. Please note that this planner is not suitable for use on mobile phones nor for printing.



SUPPORT:
If you need help or have any enquiries, please do not hesitate in contacting us. We will respond as quickly as possible. (Our time zone is 5 hours 30 minutes ahead of Greenwich Mean Time (GMT+5.5)



IMPORTANT INFO:
© All Design Templates are Copyrights of PHENIXDIGITAL



USES:
-For personal use only
-Not for any commercial use
-Can't be resold as is or altered on its own

YOU MAY NOT share, resell or redistribute our products. Please read our policies carefully for more information on allowed uses."
18,digital downloads,Berry First Birthday Invitation | Editable Canva Template | Strawberry Pink Gingham + Watercolor Strawberries (Digital Download),"🤍 MATCHING BERRY FIRST WELCOME SIGN 🤍
https://www.etsy.com/listing/4457880495/berry-first-birthday-welcome-sign

Berry First Birthday Invitation — Editable Canva Templates

Celebrate your little berry with sweetness! This Berry First Birthday invitation features a pastel pink checkered gingham background, watercolor strawberries, and fun, sweet modern typography — perfect for girly, whimsical, and strawberry-themed first birthday parties.

Fully editable in Canva (free account works!), so you can customize your child’s name, age, date, time, and party details in minutes — no design skills required.
________________________________________
🤍 WHAT’S INCLUDED 🤍
𝗧𝗵𝗶𝘀 𝗶𝘀 𝗮 𝗗𝗜𝗚𝗜𝗧𝗔𝗟 𝗗𝗢𝗪𝗡𝗟𝗢𝗔𝗗 𝗹𝗶𝘀𝘁𝗶𝗻𝗴. 𝗡𝗼 𝗽𝗵𝘆𝘀𝗶𝗰𝗮𝗹 𝗽𝗿𝗼𝗱𝘂𝗰𝘁 𝘄𝗶𝗹𝗹 𝗯𝗲 𝘀𝗵𝗶𝗽𝗽𝗲𝗱.
Once your purchase is confirmed, you will receive an email from Etsy containing a link to download a PDF file. Please check your spam or junk folder if the email does not appear in your inbox within a few minutes. Colours may vary slightly due to monitor and printer settings.

You will receive:
🌟 1 PDF file with the links to your Canva templates
- 5x7 editable printable card template
- 1080x1920 px editable phone invite template

🤍 RETURNS/REFUNDS 🤍
Please note: All digital download purchases are final and non-refundable.
If you have any questions before making your purchase, feel free to reach out—we're happy to help! Should you encounter any issues downloading your files after purchase, contact us, and we’ll gladly assist you.

🤍 PRINTING 🤍
You can print your files at home if you have a printer, at a trusted local store (e.g., Costco, Walmart, Staples), or through an online printing service like Vistaprint.

🤍 COPYRIGHT NOTICE 🤍
This license is for personal use only.
You may print this invite for yourself or as a gift for someone else. However, reselling, sharing, or using this product for any commercial purposes is strictly prohibited.

🤍 VISIT THE SHOP FOR MORE 🤍
https://www.etsy.com/ca/shop/TheWordsBoutiqueCA"
19,home decor,"Beaded Crystal Plant Sun Catcher Hanging Decor, Succulent Window Hanging Ornament, Boho Home Decor, Green Beaded Plant Decor","✨ Forever Crystal Plant – Beaded Sun Catcher – Hanging Succulent Decor 🪴

A stunning beaded crystal plant sun catcher designed to bring sparkle, warmth, and botanical beauty into your home. Unlike real plants, this forever succulent never needs watering — just a little sunshine to create magical reflections throughout your space.

Each handcrafted hanging plant features shimmering faceted crystal-style beads in multiple shades of green, carefully arranged to create a beautiful ombré cascading effect. Suspended from elegant gold chains, this unique decor piece blends perfectly with boho, modern, and minimalist interiors.

Available in two beautiful styles:

• Woven Basket – Natural handcrafted look
• Ceramic Pot – Elegant modern finish

Both styles are designed with a secure hanging chain and lightweight structure, making them perfect for windows, cozy corners, bedrooms, plant shelves, or living room decor.

🌿 Product Details
• Faceted crystal-style beaded strands
• Multiple green shades for ombré effect
• Elegant gold hanging chain
• Lightweight hanging decor
• Handmade-inspired botanical design
• Indoor use only
• Approx. hanging length: 60cm
• Perfect for sunny windows & cozy spaces

🌞 Perfect For:
• Plant lovers who want a forever plant
• Window decor that catches sunlight beautifully
• Boho & aesthetic room styling
• Unique handmade-style gifts
• Housewarming & birthday presents

🎁 A forever plant that stays vibrant and beautiful all year long.

🚚 Shipping:
🇬🇧 UK – Tracked Shipping
🇪🇺 Europe – International Tracked
🌎 Worldwide Shipping Available"
20,home decor,"Home portrait, house painting, housewarming gift, our first home sign, home sweet home sign, watercolor home, house portrait, realtor gift","(Home portrait, house painting, housewarming gift, our first home sign, home sweet home sign, watercolor home, house portrait, realtor gift)



ORDERING INSTRUCTIONS

Step 1. Select the product/size you prefer. We offer a framed wood panel. It is vibrant, with accurate colors, and just the right amount of wood grain and texture. With this listing, you can also order a digital download of your artwork, which is sent via email.

Step 2. Select a frame color. Our frame colors are ""light"", ""wood burn"", and ""dark"" These colors can be seen in our listing photos. Select ""None"" if ordering a digital download.

Step 3. Place your order and upload your photo. Your photo can be uploaded before or after you complete your purchase. Simply select the ""Message Doug"" button (usually near the bottom of this listing!) then select the upload image icon. If you prefer to send your photo via email, you can reach us at
photo4etsy [!at] gmail.com
Please include your order number (or name/address) in your email if you choose this option, so we know which order is yours!

Step 4. Add your personalized text. If you would like us to add text to your portrait, please provide the EXACT text you would like in the personalization field.

ADDITIONAL EDITS
We can add new elements to your portrait or remove unwanted elements, such as adding multiple pets to one portrait. We will try to accommodate your requests for free when we can, but some edits take significantly more time. This add-on listing allows us to continue offering this service. You may be asked to purchase this listing in addition to your portrait of choice if extensive edits are necessary to complete your artwork. We are happy to answer your questions and help guide you through the process.
https://www.etsy.com/listing/1216543107/this-listing-is-for-adding-elements-or

UNFRAMED PRINTS
We print on a high-quality canvas paper. This is available in two sizes, 8x10 and 11x14. These prints fit into any standard photo frame made for these sizes.

DIGITAL DOWNLOADS
For orders of digital downloads, we will email you a print ready digital copy of the artwork. This email will go to the email address associated with your Esty account. If you'd like it sent to a different email address, please include the alternate email information along with your photo.

Please note: We do our artwork using a computer. The process is much like painting, but on a computer! Each piece is a time-consuming labor of love. We will make every effort to incorporate your special requests and ensure each home looks its best.

Framed Wood prints are complete with a 1.75"" x .75"" frame and a sawtooth hanger.

WAI Decor grants each client full permission to print, publish, and present the artwork made for them.

Please message us with any questions!"
21,home decor,"Housewarming Gift Home Decor, Personalized Door Mat with Family Name, Wedding Gift for Couples, Custom Welcome Doormat w Anti-Slip Backing","Housewarming Gift Home Decor, Personalized Door Mat with Family Name, Wedding Gift for Couples, Custom Welcome Doormat w/ Anti-Slip Backing

Introducing our Custom Family Doormat - the perfect way to warmly welcome your loved ones and furry friends into your home! This unique doormat is designed to add a personal touch to your doorstep, making it an ideal gift for housewarmings, new homeowners, weddings, or even as a thoughtful closing gift for realtors.

Crafted from natural fibers, this doormat combines durability with a stylish aesthetic, ensuring it stands up to daily use while adding charm to your doorstep. The anti-slip rubber backing ensures stability and safety for all who enter.

Size Options:
Choose from three convenient size options to suit your doorstep:

Small: A charming 16"" x 24"" mat, perfect for cozy entryways and apartment living.
Medium: A versatile 18"" x 30"" size, ideal for standard doorways.
Large: A grand 24"" x 36"" mat, making a bold statement for spacious entrances.

Personalization:
Make your doormat truly one-of-a-kind by customizing it with your family members' names and your beloved pets' names. Don't forget your furry companions – their names can also be featured alongside cute icons of pets, making them feel right at home too.

Occasion Gift:
Whether you're celebrating a housewarming, a new home purchase, a wedding, or want to express appreciation to your realtor for their hard work, our Custom Family Doormat is the perfect gift. It conveys the warmth, love, and personal touch that turn a house into a home.

Incorporate your family's identity and create a lasting impression with a doormat that showcases your unique story. With its durability and charm, this doormat will greet your guests and family members with a warm smile every time they step through the door. Make every homecoming special with our Custom Family Doormat - a delightful way to say ""welcome"" like never before!"
22,jewelry,"Personalized Birthflower Ring – Dainty Stacking Floral Ring, Meaningful Gift for Bridesmaids, Mother’s Day Gift, US 3–12","Personalized Birth Flower Ring – Celebrate Her Story 🌸 | Pinky Ring | Mother’s Day Gift 💝

Celebrate your unique story with a personalized birth flower ring, thoughtfully handcrafted to symbolize love, growth, and connection. This delicate piece is perfect as a meaningful gift for moms, bridesmaids, or your best friend — and a heartfelt choice for Mother’s Day 💐

✨ Material Information ✨

💍 Sizes 3–12: Stainless steel base with 14K gold or 14K white gold plating
Lightweight and durable, comfortable for daily wear
Engraving appears in a natural gray tone, making the details crisp and clear

Engraving appears in a reddish-brown tone, giving a softer detail against the gold plating

🌿 Care & Wearing Tips 🌿

Remove before swimming, bathing, or using lotions/perfumes to protect the plating
Avoid contact with harsh chemicals or rough surfaces to maintain shine
Wipe gently with a soft, dry cloth to keep your ring looking like new

🎁 Gift-Ready 🎁

Each ring is lovingly handmade and comes in a reusable, recyclable jewelry box — ready to surprise her on Mother’s Day or any special moment 💕

❓ Questions?
Feel free to message us anytime for custom design advice or questions — we reply quickly 😊

💡 Note on Engraving Color
The engraved design will appear in a soft greyish-white tone.
Colors in photos may vary slightly due to light reflections and surroundings."
23,jewelry,"Personalized Disney Font Necklace, Disney Font Name Necklace,Customized Nameplate Plated,Children Name Necklace,Christmas Gift","Meet our stunning Personalized Disney Font Necklace, a magical piece of jewelry inspired by beloved Disney fonts. This special necklace will allow you to personalize it with the name or a special word of your choice, creating a truly unique and interesting accessory. Designed by LuxuryDaintyJewelry with attention to detail, the pendant features the iconic Disney font, adding a nostalgic and charming touch. It is made of high quality materials and offers both durability and elegance. The adjustable chain ensures a comfortable fit, making it suitable for all ages. Whether you're a Disney fan or looking for a friendly gift, our Personalized Disney Font Necklace is a delightful choice. Wear it with pride and let your inner Disney magic shine. Order now and enjoy the joy of owning a personalized treasure that reflects the spirit of Disney.


DETAIL:

Color: Sterling Silver, Gold, Rose Gold
• Finish: Polished

Detail
• All of our products are handmade.
• We produce special jewelry for women and children.
• Your products are sent ready to be stored and gifted in their special box.

assurances
• Nickel-free
• Does not tarnish
• High quality materials


Maintenance Tips
• Store in a clean and dry environment to preserve its original properties.
• It is recommended to avoid contact with cosmetics, perfumes, aerosols and humidifiers as they may damage your accessories.

HOW TO ORDER
❥ Select the options you want from the drop down menu
❥Add to cart and proceed to checkout
❥ Don't forget to send your personalization
❥ If you have any private messages, please leave a message in the `note to seller` section.

PACKAGING
❥All jewelry will be beautifully packaged in elegant jewelry boxes ready to be gifted.

About Returns and Exchanges
* Unfortunately, since all of our products are custom-made, returns and exchanges are not accepted.
* My products are guaranteed against all kinds of production problems. I guarantee I will make a new one. Unfortunately, I cannot guarantee user errors.

♡ Thank you for your visit, contact us freely if you have any questions. ♡"
24,jewelry,"Personalized Kids Names Bracelet for Mom, Custom Multi Name Birthstone Jewelry, Mothers Day Gift","Multi Name Birthstone Bracelet for Mom

This multi name birthstone bracelet is made to order just for you. Designed with a modern paperclip chain, personalized name bars, and delicate birthstone charms, this bracelet is a beautiful way to keep your children’s names or the names of your loved ones close every day. Meaningful, elegant, and personal, it is a timeless keepsake for moms, grandmas, or anyone who loves family jewelry.

This personalized bracelet combines a modern style with sentimental details, making it perfect for both everyday wear and special occasions. Each engraved name bar and birthstone charm adds a unique touch that turns this bracelet into a one-of-a-kind piece.

Personalization

You can customize this bracelet with:
• Multiple engraved names
• Matching birthstone charms
• A special combination that represents your family or loved ones

Please make sure all names, birth months, and personalization details are entered correctly before placing your order.

Material

• High Quality Brass
• Nickel Free
• High Quality Finish
• Lightweight and comfortable for daily wear


Bracelet Length

The bracelet measures 7"" (18–19 cm) and features a paperclip chain with a 1"" (3 cm) extender.

Gift Box & Message

Your bracelet will arrive in a beautiful gift box, ready for gifting.
If you would like to include a gift message, please leave your note in the personalization box or order notes, and we will be happy to include it with your order.

How to Order

1. Select your bracelet options.
2. Add the names and birthstones you would like.
3. Place your order and we will make it just for you.

Production & Shipping

Production time: 4–6 days
Shipping time: 2–5 days

Occasions

This personalized bracelet makes a lovely gift for:
• Mother’s Day
• Birthdays
• Anniversaries
• Christmas
• New mom gifts
• Grandma gifts
• Everyday meaningful wear

Perfect Gift For

Mom, grandma, wife, girlfriend, sister, daughter, or anyone who loves personalized family jewelry with a sentimental touch.

Need Help?

Please feel free to message us if you have any questions before ordering. We’ll be happy to help."
25,stickers,"Brown Bear Wildlife Sticker, Adorable Woodland Animal, Waterproof Vinyl Sticker, Grizzly Bear, Cute Animal Sticker, Water Bottle Sticker","Brown Bear Wildlife Sticker, Adorable Woodland Animal, Waterproof Vinyl Sticker, Grizzly Bear, Cute Animal Sticker, Water Bottle Sticker

This beautiful sticker is printed on vinyl paper and covered with a laminating layer made to preserve. Ideal for water-bottles, laptops, journals and notebooks.

Dimensions: 3 inches (7.6 cm) at its widest point.

Totally waterproof and weatherproof.

Printed and manufacture in The United States!"
26,stickers,"Custom Logo Vinyl Stickers: Die Cut, Waterproof, Bulk Options","🎨 Personalized Vinyl Stickers – Custom Printed Labels by StickerTX
••••• PROFESSIONAL DESIGN & PRINTING AVAILABLE •••••

✨ Product Highlights
• Printed on premium glossy white vinyl for a bright and polished finish.
• Laminated for protection — waterproof, UV-resistant, and scratchproof.
• Sticks perfectly to any smooth indoor or outdoor surface.
• Choose from circle, square, rectangle, or custom-cut shapes to match your brand or design.

🎁 Perfect For:
• Small business branding and product packaging.
• Personalized stickers for birthdays, weddings, holidays, and special events.
• Party favors, event giveaways, or vendor market displays.
• Wholesale sticker bundles for resellers or creatives.
• Fun decoration for laptops, bottles, notebooks, helmets, planners, and more!

🛒 How to Order:
Select your preferred size (measured by the longest side in inches).
Choose your quantity and note your shape or custom request in the Personalization Box.
Send us your print-ready file via Message Seller.
Preferred file types: AI, EPS, PDF, PSD.
Also accepted: PNG, JPEG, SVG, TIFF (minimum 300 DPI).

⚠️ Before You Order:
• One design per listing (no split orders).
• We print exactly as submitted — please double-check before sending.
• Printed in CMYK, so minor color differences may occur.

🚚 Shipping Information:
• Letter-tracked shipping for these sizes: 2” (25/50), 3” (25), 4” (25), 5” (25). Larger sizes ship via USPS First-Class with tracking.
• Free standard shipping on all orders (upgrades available).
• Estimated delivery: 2–5 business days after dispatch (subject to postal delays).
• Please confirm your shipping address before checkout — changes can’t be made once shipped.

💡 From business branding to personal creativity — turn your design into durable, custom vinyl stickers with StickerTX!"
27,stickers,"CUSTOM Stickers Roll, Custom Logo Stickers, Custom Label Roll, Personalized Label Roll, Business Label Roll, Custom Product Label Roll","Custom Sticker Roll

Custom stickers are a fast and easy way to brand your products or decorate your event. Whether you're looking to create an on-brand unboxing experience for your customers or decorating for a special occasion, our custom stickers are the perfect addition! Our stickers are available in many shapes and sizes. With our low minimums and affordable prices, start printing today!

•LEVEL UP YOUR BRAND with your own customized stickers for business logos, labels, gifts, and packaging seals. Increase brand recognition and curate an unboxing experience as unique as your brand.
•HIGH QUALITY LABELS ARE PERFECT to use for your small business packaging or product labels. The custom labels are printed on high quality BOPP and laminated for extra protection. They stick great on plastic and bottles. Simply peel, stick and apply.
•EASY TO ORDER simply message us your custom logo, design, or text in a PNG or JPG file. We recommend that your files are at least 300 dpi resolution to ensure a high quality image.
•OUR PERSONALIZED stickers are designed to enhance your products packaging, well suited for unique brands with big personality. Ideal for packaging, canning supplies, candle making supplies, fashion, jewelry, artist, and much more.

Custom stickers available with your logo or text.
30, 50, 100, 200, 300, 500, 1000 stickers.

Details:
Stickers are available in matte and glossy finishes.
Stickers are printed on high-quality BOPP and laminated for extra protection.

Shapes and Sizes:

Circle:
1.5""
2""
2.5""
3""

Square:
1.5""
2""
2.5""
3""

Rectangle:
2x1""
2x1.5""
2x3""
2x4""
4x2.5""
3x4""
3.5x4""
2x4.5""
4.5x3""
2.5x1.25""

If you would like a custom size, please feel free to message us!

Custom Text Stickers:
Please leave the text, font number, and text color in the personalization section below.

Custom Logo Stickers:
Please send us a message with your logo/image.

Once your order has been submitted, we will send a mockup. Once the mockup has been approved, we will proceed with your order. Mockups with no replies will be sent as shown in the mockup.

*Orders of 30 stickers will be sent in sheets.
*Colors may vary slightly from colors seen on screen.
*Due to the handmade nature of our product, slight variations may exist between stickers.
*All sales are final for custom stickers.

𝐈𝐧𝐭𝐞𝐫𝐞𝐬𝐭𝐞𝐝 𝐢𝐧 𝐨𝐭𝐡𝐞𝐫 𝐜𝐮𝐬𝐭𝐨𝐦 𝐩𝐚𝐜𝐤𝐚𝐠𝐢𝐧𝐠 𝐩𝐫𝐨𝐝𝐮𝐜𝐭𝐬?
Check our custom packaging gummed tape, tissue paper, and die cut stickers!

CUSTOM PACKAGING GUMMED TAPE:
https://www.etsy.com/listing/1065927294/custom-packaging-tape-100ft-printed?ref=shop_home_active_1

CUSTOM TISSUE PAPER:
https://www.etsy.com/listing/1041388929/personalized-tissue-paper-custom-logo?ref=shop_home_active_1"
28,wedding,Fabric Wedding Welcome Sign Modern Wedding Welcome Sign Fabric Linen Custom Wedding ceremony Boho Wedding Welcome Sign Ceremony Sign S3,"Custom wedding ceremony sign! Wedding Welcome Signs! Custom Fabric Linen Wedding Signs!

Elevate the beauty of your wedding décor with these custom-crafted linen look-alike fabric signs, meticulously designed to infuse your celebration with a touch of timeless elegance and heartfelt personalization.

I can make any fabric sign for any event! Including..
Fabric Baby Shower Sign
Fabric Bridal Shower Sign
Fabric Seating Chart Sign
Fabric Memorial Sign
Fabric Valentines Day Sign
Fabric Engagement Party Sign


-Wedding sign in the first picture is 36"" wide and 90"" tall with white stand + #12 ribbon & text color
-STAND can be included with the sign by selecting a stand color in the second dropdown menu :)

EXPEDITED SHIPPING?

If you need your order within 2 weeks, please message us to discuss rush shipping options!

:: HOW TO ORDER ::

1. Select the correct sign size and stand option.
2. Enter the following in the Personalization Box:
- Names and event date
- Ribbon color (if purchased)
- Design option
- Need-by date
3. Place your order.

I WILL SEND YOU PROOF BEFORE MAKING THE ORDER :)

(ANY of the wording on the sign can be customized to your liking! If no changes are requested, the sign will come with the same wording as shown in the first listing photo!)

If a ribbon color is specified, we will send a proof with the text color matched to the selected ribbon color unless otherwise specified.

-Grommets will be added to the bottom as pictured UNLESS SPECIFIED OTHERWISE

-Stand will arrive disassembled

RIBBON: For signs sized 36""x80"" or larger purchased with the ""+Ribbon"" option, a 220"" ribbon will be included on each side. For all other sizes, a 110"" ribbon per side will be provided.

IT IS OK TO STEAM!

Material: Premium Linen Blend Fabric
DISCLAIMER: WHITE AND GOLD STANDS MAY COME SCRATCHED DINGED DUE TO SHIPPING AND HANDLING. Copper stands may arrive with natural spotting due to the oxidation process of real copper.

IF YOU HAVE A CUSTOM DESIGN OF YOUR OWN THAT YOU WOULD LIKE MADE, I AM MORE THAN HAPPY TO DO SO! MESSAGE ME :)
CUSTOM DESIGNS FROM CANVA ARE WELCOMED :)
WE CAN CREATE A CUSTOM CREST FOR YOU AT A COST!

Gender reveal, bridal shower, baby shower, and anything else!

To add custom crests it is an additional fee!

THANK YOU!

If your need-by date is within 2 weeks of the order date, an expedited fee may apply.
If you're ordering to an address in Hawaii (HI), Alaska (AK), Puerto Rico, APO/FPO, or a PO Box, please contact us to confirm shipping costs before placing your order."
29,wedding,"Hand-Stitched Embroidered Wedding Guest Book Canvas Banner, Personalized Last Name Sign","Designed not only as decor, but also as a meaningful wedding guest signing piece 🤍

This hand-embroidered canvas banner is perfect for placing on your wedding signing table, allowing guests to sign around the embroidery with fabric pens or markers.

✨ Perfect for:
• Wedding guest signing table
• Guest book alternative
• Wedding reception & welcome table
• Bridal shower & engagement gifts

✨ Why couples love it
Hand-stitched embroidery (not machine-made)
Smooth canvas surface ideal for guest signatures
Personalized with last name & wedding date
Becomes framed wall art after the wedding
After the celebration, frame it and display it in your home — a one-of-a-kind keepsake filled with heartfelt messages from loved ones.

Policy:
📌 Processing Time: All signs are handmade to order. Please allow 5–7 business days for production.
📦 Shipping: We ship worldwide. Delivery times vary by location (usually 7–10 business days).
🔁 Returns & Exchanges: Due to the custom nature of this item, we do not accept returns or exchanges unless the item arrives damaged.
📸 Mock-up: Design mock-up will be sent before production so pls keep an eye on your messages after placing order.



wedding guest sign, wedding signing banner, guest book alternative wedding, custom wedding banner, embroidered wedding banner, hand embroidered sign, wedding table decor, wedding signing table decor, personalized wedding sign, last name wedding decor, wedding keepsake gift, bridal shower gift idea, engagement gift couple, wedding reception decor, welcome table decor wedding, wedding fabric banner, canvas wedding sign, custom last name sign, hand stitched embroidery, heirloom wedding decor, framed wedding banner, rustic wedding decor, minimalist wedding decor, modern wedding sign, personalized home decor, wedding date sign, custom embroidered gift, wedding wall art, farmhouse wedding decor, elegant wedding decor, custom fabric sign, embroidered canvas art, wedding memory keepsake, newlywed gift idea, anniversary gift couple, personalized anniversary gift, neutral home decor, wedding photography prop, guest signing decor, wedding sign alternative, fabric guest book, personalized canvas banner, wedding surname sign, bridal gift personalized, wedding decor idea, timeless wedding decor, custom couple gift"
30,wedding,Set of 2 Personalized Wedding Vow Books His and Her Paper Vow Books Customized Wedding Vow Book with Silk Ribbon gift for Bride and Groom,"Handmade paper vow books, a precious keepsake for your wedding day. Preserve your vows and promises to each other forever.

ABOUT OUR PAPER WEDDING VOW BOOKS
- The size of each book is 6 inches long and 4 inches wide or 7 inches long and 5 inches wide (your choice).
- Cover is made of premium heavyweight 140 pounds textured cardstock
- Inside the booklets are 6 sewn in pages (12 sides). Pages are 65 pounds and smooth, perfect for writing in.
- Each book will come with ribbon in the color of your choice
- Attention: These are printed with ink. It is not metallic. The color might appear slightly different due to different displays and different lighting. IF YOU FORGET TO LEAVE AN INK COLOR IN THE PERSONALIZATION BOX, WE WILL DEFAULT TO BLACK. The wording will appear exactly as shown in the photos (all lowercased and dated the same), unless otherwise specifically requested and noted in the personalization box by you.

PRODUCTION
- In the personalization box, please leave the essential information we requested to create your card. If you request a digital mock-up, have missing customization details, or have any changes to your order/customization, please take note that it will cause delays in production & shipping. We will reach out to you if we need additional information.
- Our orders are fulfilled within the next 2 business days (monday-friday). WE DO NOT SEND DIGITAL MOCK-UPS, unless requested, so we can produce and ship orders quickly.
- We ship using USPS ground advantage, which takes anywhere from 5-10 business days for delivery. Please note, any delays with the USPS are out of our hands. Once the package has been dropped off, we cannot control how fast it gets to you. If you need your vow books/cards sooner, please upgrade the shipping to priority. If you want to express with UPS 2 days, please contact us before purchasing.

NOTE FOR BUYERS: Contact us for any questions! Please allow up to 24hrs Mondays - Fridays for us to respond to messages. We are closed on weekends & holidays and we ship all products from our office in Los Angeles, California. Unfortunately, since most of our products are custom made, we don't accept returns or exchanges. Thank you for understanding!"
